,open,high,low,close,adjclose,volume,ticker
2019-03-12,38.0,38.0,38.0,38.0,36.485904693603516,10000,FOXA
2019-03-13,39.0,39.900001525878906,38.70000076293945,39.75,38.16617965698242,20477400,FOXA
2019-03-14,39.75,41.400001525878906,39.75,40.650001525878906,39.03032302856445,6248600,FOXA
2019-03-15,41.380001068115234,41.869998931884766,41.2400016784668,41.70000076293945,40.038482666015625,7107300,FOXA
2019-03-18,41.95000076293945,41.95000076293945,41.04999923706055,41.70000076293945,40.038482666015625,4020900,FOXA
2019-03-19,41.54999923706055,41.70000076293945,39.84000015258789,40.34000015258789,38.732666015625,10118500,FOXA
2019-03-20,40.4900016784668,40.810001373291016,38.2400016784668,38.619998931884766,37.081199645996094,15683200,FOXA
2019-03-21,39.0,40.06999969482422,38.75,40.02000045776367,38.42542266845703,12751700,FOXA
2019-03-22,39.93000030517578,39.9900016784668,37.689998626708984,38.720001220703125,37.17721939086914,10898000,FOXA
2019-03-25,38.88999938964844,38.959999084472656,37.38999938964844,37.439998626708984,35.94822311401367,9338900,FOXA
2019-03-26,37.650001525878906,38.279998779296875,37.5099983215332,37.540000915527344,36.04423522949219,6287100,FOXA
2019-03-27,37.52000045776367,37.90999984741211,36.7599983215332,36.91999816894531,35.448936462402344,5578100,FOXA
2019-03-28,36.849998474121094,37.150001525878906,36.34000015258789,36.400001525878906,34.94965744018555,5326200,FOXA
2019-03-29,36.54999923706055,36.90999984741211,36.150001525878906,36.709999084472656,35.24730682373047,5895300,FOXA
2019-04-01,36.90999984741211,37.150001525878906,36.709999084472656,36.849998474121094,35.38172912597656,5311200,FOXA
2019-04-02,36.959999084472656,37.18000030517578,35.900001525878906,36.279998779296875,34.83443832397461,6704600,FOXA
2019-04-03,36.369998931884766,36.560001373291016,35.900001525878906,36.08000183105469,34.64241027832031,8393500,FOXA
2019-04-04,36.20000076293945,36.79999923706055,36.0099983215332,36.7599983215332,35.295310974121094,4908400,FOXA
2019-04-05,36.790000915527344,37.849998474121094,36.689998626708984,37.68000030517578,36.178653717041016,7344900,FOXA
2019-04-08,37.599998474121094,37.68000030517578,37.26499938964844,37.470001220703125,35.97702407836914,3393300,FOXA
2019-04-09,37.41999816894531,37.650001525878906,37.16999816894531,37.310001373291016,35.823402404785156,5725900,FOXA
2019-04-10,37.33000183105469,37.529998779296875,36.36000061035156,36.47999954223633,35.02647018432617,4828400,FOXA
2019-04-11,36.56999969482422,37.15999984741211,35.9900016784668,37.09000015258789,35.612159729003906,4791400,FOXA
2019-04-12,37.150001525878906,37.619998931884766,36.470001220703125,37.529998779296875,36.03463363647461,6368500,FOXA
2019-04-15,37.459999084472656,37.56999969482422,36.9900016784668,37.529998779296875,36.03463363647461,3927100,FOXA
2019-04-16,37.66999816894531,37.849998474121094,37.470001220703125,37.75,36.24586486816406,5722000,FOXA
2019-04-17,37.869998931884766,38.849998474121094,37.7599983215332,38.84000015258789,37.29243469238281,7603800,FOXA
2019-04-18,38.90999984741211,39.0,38.43000030517578,38.439998626708984,36.90837097167969,4737400,FOXA
2019-04-22,38.36000061035156,38.439998626708984,37.619998931884766,37.70000076293945,36.19786071777344,7675300,FOXA
2019-04-23,37.790000915527344,38.38999938964844,37.630001068115234,38.08000183105469,36.562721252441406,6328800,FOXA
2019-04-24,37.95000076293945,38.310001373291016,37.80500030517578,37.959999084472656,36.4474983215332,5323500,FOXA
2019-04-25,37.97999954223633,38.20000076293945,37.540000915527344,38.150001525878906,36.62993240356445,5309700,FOXA
2019-04-26,38.08000183105469,38.529998779296875,37.900001525878906,38.47999954223633,36.94677734375,5297400,FOXA
2019-04-29,38.540000915527344,39.525001525878906,38.310001373291016,39.20000076293945,37.638092041015625,6885200,FOXA
2019-04-30,39.189998626708984,39.33000183105469,38.470001220703125,38.9900016784668,37.43646240234375,5044400,FOXA
2019-05-01,39.119998931884766,39.4900016784668,38.65999984741211,39.400001525878906,37.83012390136719,5149800,FOXA
2019-05-02,39.22999954223633,39.470001220703125,37.08000183105469,37.279998779296875,35.79458999633789,11495900,FOXA
2019-05-03,37.40999984741211,37.75,37.119998931884766,37.470001220703125,35.97702407836914,4809800,FOXA
2019-05-06,37.16999816894531,37.9900016784668,36.959999084472656,37.91999816894531,36.40909194946289,4801300,FOXA
2019-05-07,37.58000183105469,37.810001373291016,37.119998931884766,37.2599983215332,35.775394439697266,6053300,FOXA
2019-05-08,37.34000015258789,37.70000076293945,36.85499954223633,37.41999816894531,35.929012298583984,8635300,FOXA
2019-05-09,38.5,39.25,37.5099983215332,38.5,36.96598815917969,15210200,FOXA
2019-05-10,38.63999938964844,38.75,37.439998626708984,38.529998779296875,36.99478530883789,6742500,FOXA
2019-05-13,37.77000045776367,38.68000030517578,37.72999954223633,37.970001220703125,36.45710372924805,5604000,FOXA
2019-05-14,38.04999923706055,38.52000045776367,37.87200164794922,37.88999938964844,36.380287170410156,6198600,FOXA
2019-05-15,37.70000076293945,37.970001220703125,37.56999969482422,37.709999084472656,36.207454681396484,2975400,FOXA
2019-05-16,37.90999984741211,38.08000183105469,36.70000076293945,36.7400016784668,35.27610778808594,8704900,FOXA
2019-05-17,36.560001373291016,37.59000015258789,36.54999923706055,37.31999969482422,36.058738708496094,5508000,FOXA
2019-05-20,37.18000030517578,37.63999938964844,37.0,37.13999938964844,35.88481903076172,3670000,FOXA
2019-05-21,37.2599983215332,38.0,37.099998474121094,37.689998626708984,36.416229248046875,4668600,FOXA
2019-05-22,37.65999984741211,37.7599983215332,37.05500030517578,37.119998931884766,35.8654899597168,3431200,FOXA
2019-05-23,36.81999969482422,37.08000183105469,36.630001068115234,36.90999984741211,35.66259002685547,4431900,FOXA
2019-05-24,37.04999923706055,37.20500183105469,36.849998474121094,36.91999816894531,35.6722526550293,2879000,FOXA
2019-05-28,36.970001220703125,37.34000015258789,36.505001068115234,36.63999938964844,35.4017219543457,4380400,FOXA
2019-05-29,36.5,36.650001525878906,35.790000915527344,35.790000915527344,34.580448150634766,3691300,FOXA
2019-05-30,35.880001068115234,36.154998779296875,35.150001525878906,35.220001220703125,34.02970504760742,4730400,FOXA
2019-05-31,34.970001220703125,35.27000045776367,34.70000076293945,35.22999954223633,34.03936767578125,6706100,FOXA
2019-06-03,35.04999923706055,35.29999923706055,33.779998779296875,34.2400016784668,33.082828521728516,7665000,FOXA
2019-06-04,34.52000045776367,35.25,34.150001525878906,34.47999954223633,33.31471633911133,8058900,FOXA
2019-06-05,34.619998931884766,34.97999954223633,34.279998779296875,34.36000061035156,33.19877243041992,6240600,FOXA
2019-06-06,34.65999984741211,34.65999984741211,33.97999954223633,34.119998931884766,32.966880798339844,5288300,FOXA
2019-06-07,34.18000030517578,34.439998626708984,34.0,34.0099983215332,32.860599517822266,4226800,FOXA
2019-06-10,34.04999923706055,34.400001525878906,33.900001525878906,34.029998779296875,32.87992477416992,5620500,FOXA
2019-06-11,34.22999954223633,34.40999984741211,34.0099983215332,34.18000030517578,33.02485656738281,3166900,FOXA
2019-06-12,34.20000076293945,35.099998474121094,34.15999984741211,35.04999923706055,33.86545181274414,4426800,FOXA
2019-06-13,35.16999816894531,35.5,34.9630012512207,35.290000915527344,34.09733963012695,4384800,FOXA
2019-06-14,35.2400016784668,35.5,34.93000030517578,35.2400016784668,34.049034118652344,4362200,FOXA
2019-06-17,35.41999816894531,36.32500076293945,35.34000015258789,36.130001068115234,34.908958435058594,7195400,FOXA
2019-06-18,36.45000076293945,37.04999923706055,36.08000183105469,36.189998626708984,34.966922760009766,4938900,FOXA
2019-06-19,36.2599983215332,36.41999816894531,35.678001403808594,35.9900016784668,34.773681640625,4790000,FOXA
2019-06-20,36.380001068115234,36.474998474121094,35.560001373291016,35.58000183105469,34.37754440307617,5916500,FOXA
2019-06-21,35.61000061035156,37.29499816894531,35.310001373291016,36.18000030517578,34.95726013183594,11402200,FOXA
2019-06-24,36.0099983215332,36.06999969482422,35.60499954223633,35.79999923706055,34.59010314941406,5280100,FOXA
2019-06-25,35.779998779296875,35.86000061035156,35.13999938964844,35.34000015258789,34.14564895629883,7204300,FOXA
2019-06-26,35.790000915527344,36.099998474121094,35.33000183105469,35.470001220703125,34.27125549316406,4297300,FOXA
2019-06-27,35.529998779296875,36.33000183105469,35.20000076293945,35.9900016784668,34.773681640625,5083900,FOXA
2019-06-28,35.97999954223633,36.7599983215332,35.810001373291016,36.63999938964844,35.4017219543457,10930000,FOXA
2019-07-01,36.459999084472656,36.9900016784668,35.7400016784668,35.91999816894531,34.706050872802734,6396600,FOXA
2019-07-02,36.0099983215332,36.619998931884766,35.91999816894531,36.59000015258789,35.35340881347656,3599500,FOXA
2019-07-03,36.599998474121094,36.81999969482422,36.27000045776367,36.349998474121094,35.12150955200195,3160300,FOXA
2019-07-05,36.2400016784668,36.79999923706055,36.07500076293945,36.599998474121094,35.36307144165039,1982000,FOXA
2019-07-08,36.529998779296875,36.67499923706055,36.08000183105469,36.130001068115234,34.908958435058594,1644600,FOXA
2019-07-09,36.029998779296875,36.27000045776367,35.81999969482422,36.02000045776367,34.80266571044922,2379600,FOXA
2019-07-10,36.189998626708984,36.43000030517578,36.07500076293945,36.13999938964844,34.918617248535156,2400700,FOXA
2019-07-11,36.16999816894531,36.349998474121094,35.849998474121094,36.290000915527344,35.06354904174805,2987000,FOXA
2019-07-12,36.459999084472656,37.040000915527344,36.099998474121094,36.959999084472656,35.71090316772461,2755700,FOXA
2019-07-15,37.029998779296875,37.15999984741211,36.63999938964844,37.0099983215332,35.75920867919922,2861600,FOXA
2019-07-16,36.93000030517578,37.11000061035156,36.630001068115234,36.689998626708984,35.45002365112305,2721500,FOXA
2019-07-17,36.72999954223633,36.7599983215332,36.11000061035156,36.16999816894531,34.94759750366211,5740500,FOXA
2019-07-18,36.16999816894531,36.720001220703125,35.959999084472656,36.54999923706055,35.31475830078125,5286800,FOXA
2019-07-19,36.70000076293945,36.7400016784668,36.13999938964844,36.43000030517578,35.198814392089844,4402000,FOXA
2019-07-22,36.5099983215332,36.61000061035156,36.060001373291016,36.099998474121094,34.879966735839844,7865700,FOXA
2019-07-23,36.189998626708984,36.38999938964844,35.84000015258789,36.220001220703125,34.995914459228516,5573600,FOXA
2019-07-24,36.130001068115234,36.86000061035156,36.130001068115234,36.599998474121094,35.36307144165039,5980600,FOXA
2019-07-25,36.630001068115234,37.34000015258789,36.630001068115234,37.16999816894531,35.91380310058594,3251600,FOXA
2019-07-26,37.290000915527344,37.79999923706055,37.08000183105469,37.209999084472656,35.95245361328125,2669100,FOXA
2019-07-29,37.15999984741211,37.56999969482422,37.06999969482422,37.5099983215332,36.2423095703125,2130600,FOXA
2019-07-30,37.349998474121094,37.97999954223633,37.31999969482422,37.81999969482422,36.541839599609375,2971800,FOXA
2019-07-31,37.66999816894531,37.69200134277344,36.810001373291016,37.31999969482422,36.058738708496094,5280600,FOXA
2019-08-01,37.25,37.4900016784668,36.724998474121094,36.88999938964844,35.643272399902344,3280700,FOXA
2019-08-02,36.72999954223633,36.959999084472656,36.33000183105469,36.630001068115234,35.392059326171875,2419000,FOXA
2019-08-05,36.470001220703125,36.560001373291016,35.77000045776367,36.04999923706055,34.83165740966797,4517200,FOXA
2019-08-06,36.15999984741211,36.599998474121094,35.93000030517578,36.45000076293945,35.218143463134766,3366700,FOXA
2019-08-07,35.88999938964844,37.150001525878906,35.79999923706055,37.040000915527344,35.78820037841797,4657400,FOXA
2019-08-08,37.220001220703125,37.25,35.0,35.130001068115234,33.942752838134766,9539900,FOXA
2019-08-09,35.11000061035156,35.650001525878906,34.97999954223633,35.400001525878906,34.2036247253418,4234400,FOXA
2019-08-12,35.040000915527344,35.31999969482422,34.70000076293945,34.95000076293945,33.768836975097656,4172900,FOXA
2019-08-13,34.84000015258789,35.59000015258789,34.79999923706055,35.060001373291016,33.875118255615234,2940800,FOXA
2019-08-14,34.70000076293945,34.75,33.380001068115234,33.689998626708984,32.551414489746094,7489800,FOXA
2019-08-15,33.880001068115234,34.09000015258789,32.724998474121094,32.75,31.643186569213867,7037700,FOXA
2019-08-16,33.0,33.29999923706055,32.66999816894531,32.9900016784668,31.87507438659668,3230900,FOXA
2019-08-19,33.31999969482422,34.025001525878906,33.290000915527344,33.869998931884766,32.7253303527832,3915100,FOXA
2019-08-20,33.83000183105469,34.04999923706055,33.52000045776367,33.59000015258789,32.454795837402344,2810700,FOXA
2019-08-21,33.63999938964844,33.724998474121094,33.0099983215332,33.40999984741211,32.280879974365234,3050400,FOXA
2019-08-22,33.380001068115234,33.540000915527344,32.95000076293945,33.04999923706055,31.933042526245117,3725400,FOXA
2019-08-23,32.93000030517578,33.084999084472656,31.6299991607666,31.75,30.676979064941406,3866200,FOXA
2019-08-26,31.84000015258789,32.13999938964844,31.579999923706055,32.08000183105469,30.995826721191406,3235600,FOXA
2019-08-27,32.220001220703125,32.380001068115234,31.920000076293945,31.93000030517578,30.85089683532715,3449400,FOXA
2019-08-28,32.04999923706055,32.279998779296875,31.6200008392334,31.790000915527344,30.715627670288086,3567200,FOXA
2019-08-29,32.0,33.125,31.8799991607666,32.7400016784668,31.63352394104004,3687100,FOXA
2019-08-30,33.720001220703125,33.720001220703125,32.790000915527344,33.16999816894531,32.04898452758789,2924600,FOXA
2019-09-03,32.65999984741211,33.11000061035156,32.540000915527344,32.77000045776367,31.883586883544922,2090800,FOXA
2019-09-04,32.9900016784668,33.61000061035156,32.900001525878906,33.560001373291016,32.652217864990234,2280900,FOXA
2019-09-05,33.63999938964844,34.404998779296875,33.560001373291016,34.25,33.32355499267578,3946900,FOXA
2019-09-06,34.31999969482422,34.7400016784668,34.060001373291016,34.22999954223633,33.30409622192383,2514600,FOXA
2019-09-09,33.38999938964844,34.34000015258789,33.38999938964844,34.29999923706055,33.37220001220703,2659800,FOXA
2019-09-10,33.849998474121094,34.720001220703125,33.849998474121094,34.29999923706055,33.37220001220703,3198100,FOXA
2019-09-11,34.279998779296875,34.43000030517578,33.79999923706055,34.0,33.080318450927734,3287100,FOXA
2019-09-12,34.189998626708984,34.189998626708984,33.66999816894531,33.790000915527344,32.87599563598633,4290500,FOXA
2019-09-13,33.959999084472656,34.209999084472656,33.5099983215332,33.83000183105469,32.9149169921875,4606100,FOXA
2019-09-16,33.68000030517578,33.83000183105469,33.470001220703125,33.599998474121094,32.69113540649414,2175600,FOXA
2019-09-17,33.59000015258789,33.59000015258789,32.790000915527344,32.86000061035156,31.971155166625977,6701300,FOXA
2019-09-18,32.880001068115234,32.959999084472656,32.130001068115234,32.63999938964844,31.757104873657227,5590600,FOXA
2019-09-19,32.47999954223633,32.779998779296875,31.959999084472656,32.040000915527344,31.1733341217041,4889000,FOXA
2019-09-20,31.989999771118164,32.42499923706055,31.719999313354492,32.27000045776367,31.397113800048828,8111700,FOXA
2019-09-23,32.369998931884766,32.4900016784668,31.9950008392334,32.27000045776367,31.397113800048828,3485400,FOXA
2019-09-24,32.279998779296875,32.44499969482422,31.475000381469727,31.59000015258789,30.73550796508789,5844900,FOXA
2019-09-25,31.610000610351562,32.18000030517578,31.559999465942383,32.0099983215332,31.14414405822754,4376500,FOXA
2019-09-26,32.18000030517578,32.189998626708984,31.389999389648438,31.450000762939453,30.599294662475586,5960000,FOXA
2019-09-27,31.649999618530273,31.719999313354492,31.149999618530273,31.440000534057617,30.589563369750977,4252800,FOXA
2019-09-30,31.6299991607666,31.8700008392334,31.350000381469727,31.53499984741211,30.681991577148438,3152800,FOXA
2019-10-01,31.729999542236328,32.06999969482422,31.200000762939453,31.239999771118164,30.394973754882812,2703400,FOXA
2019-10-02,31.170000076293945,31.290000915527344,30.364999771118164,30.420000076293945,29.59715461730957,4879800,FOXA
2019-10-03,30.34000015258789,30.549999237060547,29.704999923706055,30.459999084472656,29.636072158813477,7168800,FOXA
2019-10-04,30.600000381469727,30.809999465942383,30.3700008392334,30.56999969482422,29.74309539794922,2858300,FOXA
2019-10-07,30.75,31.139999389648438,30.579999923706055,30.600000381469727,29.77228546142578,4854600,FOXA
2019-10-08,30.270000457763672,30.280000686645508,29.69499969482422,30.05500030517578,29.242027282714844,3829600,FOXA
2019-10-09,30.360000610351562,30.450000762939453,29.959999084472656,30.229999542236328,29.412294387817383,3537100,FOXA
2019-10-10,30.239999771118164,30.549999237060547,30.049999237060547,30.520000457763672,29.69445037841797,3493600,FOXA
2019-10-11,30.989999771118164,31.7549991607666,30.760000228881836,31.459999084472656,30.60902214050293,4444200,FOXA
2019-10-14,31.270000457763672,31.43000030517578,31.040000915527344,31.389999389648438,30.540916442871094,2998500,FOXA
2019-10-15,31.329999923706055,31.80500030517578,31.149999618530273,31.700000762939453,30.842529296875,3758800,FOXA
2019-10-16,31.610000610351562,32.0099983215332,31.545000076293945,31.989999771118164,31.124685287475586,4383300,FOXA
2019-10-17,32.099998474121094,32.13999938964844,31.540000915527344,31.979999542236328,31.114957809448242,9068100,FOXA
2019-10-18,32.040000915527344,32.56999969482422,31.959999084472656,32.209999084472656,31.338735580444336,8890300,FOXA
2019-10-21,32.36000061035156,32.810001373291016,32.20000076293945,32.7400016784668,31.854398727416992,5158700,FOXA
2019-10-22,32.72999954223633,33.564998626708984,32.54999923706055,33.45000076293945,32.545196533203125,5518000,FOXA
2019-10-23,33.33000183105469,33.66999816894531,33.150001525878906,33.2400016784668,32.34087371826172,7061400,FOXA
2019-10-24,33.18000030517578,33.38999938964844,31.790000915527344,32.29999923706055,31.426300048828125,9056900,FOXA
2019-10-25,32.38999938964844,32.775001525878906,32.31999969482422,32.40999984741211,31.533323287963867,5446800,FOXA
2019-10-28,32.540000915527344,33.40999984741211,32.40999984741211,32.9900016784668,32.09764099121094,8672300,FOXA
2019-10-29,32.81999969482422,33.040000915527344,32.54999923706055,32.84000015258789,31.951692581176758,3507400,FOXA
2019-10-30,32.65999984741211,32.849998474121094,32.0,32.08000183105469,31.21225357055664,4342900,FOXA
2019-10-31,32.0,32.08000183105469,31.670000076293945,32.040000915527344,31.1733341217041,5058400,FOXA
2019-11-01,32.16999816894531,32.540000915527344,31.959999084472656,32.38999938964844,31.513866424560547,3809000,FOXA
2019-11-04,32.5,32.599998474121094,32.290000915527344,32.54999923706055,31.669538497924805,2593900,FOXA
2019-11-05,32.58000183105469,33.08000183105469,32.525001525878906,32.834999084472656,31.946828842163086,3198300,FOXA
2019-11-06,32.84000015258789,33.18000030517578,32.29999923706055,33.099998474121094,32.20465850830078,5636000,FOXA
2019-11-07,33.95000076293945,34.970001220703125,33.369998931884766,34.939998626708984,33.99488830566406,7987600,FOXA
2019-11-08,35.0,35.22999954223633,34.59000015258789,35.13999938964844,34.18947982788086,4979800,FOXA
2019-11-11,34.95000076293945,35.06999969482422,34.59000015258789,34.9900016784668,34.04353713989258,3279900,FOXA
2019-11-12,35.06999969482422,35.10499954223633,34.45000076293945,34.48500061035156,33.55219650268555,3906100,FOXA
2019-11-13,34.369998931884766,34.720001220703125,34.189998626708984,34.2599983215332,33.33327865600586,4313900,FOXA
2019-11-14,34.13999938964844,34.5099983215332,33.9900016784668,34.220001220703125,33.29436492919922,4022400,FOXA
2019-11-15,34.38999938964844,34.68000030517578,33.93000030517578,34.27000045776367,33.34300994873047,4475200,FOXA
2019-11-18,34.310001373291016,35.25,34.209999084472656,35.189998626708984,34.23812484741211,5690300,FOXA
2019-11-19,35.220001220703125,36.32500076293945,35.220001220703125,36.2599983215332,35.27918243408203,5873500,FOXA
2019-11-20,35.65999984741211,36.40999984741211,35.65999984741211,35.88999938964844,34.919193267822266,4320300,FOXA
2019-11-21,35.93000030517578,36.349998474121094,35.560001373291016,35.70000076293945,34.73433303833008,2861500,FOXA
2019-11-22,35.77000045776367,36.040000915527344,35.505001068115234,35.65999984741211,34.695411682128906,4408100,FOXA
2019-11-25,35.70000076293945,35.86000061035156,35.349998474121094,35.68000030517578,34.714874267578125,4900400,FOXA
2019-11-26,35.66999816894531,36.095001220703125,35.54999923706055,35.93000030517578,34.95811080932617,3086300,FOXA
2019-11-27,36.060001373291016,36.189998626708984,35.67499923706055,35.779998779296875,34.812164306640625,2455900,FOXA
2019-11-29,35.810001373291016,36.0,35.369998931884766,35.7599983215332,34.79270935058594,1704900,FOXA
2019-12-02,35.75,36.02000045776367,35.54999923706055,35.599998474121094,34.63703536987305,2564800,FOXA
2019-12-03,35.40999984741211,35.525001525878906,34.709999084472656,35.189998626708984,34.23812484741211,4190500,FOXA
2019-12-04,35.529998779296875,35.689998626708984,34.9900016784668,35.5,34.53974533081055,3768400,FOXA
2019-12-05,35.650001525878906,35.77000045776367,35.22999954223633,35.5,34.53974533081055,2921800,FOXA
2019-12-06,35.709999084472656,35.90999984741211,35.349998474121094,35.41999816894531,34.46190643310547,1733500,FOXA
2019-12-09,35.5,36.01499938964844,35.349998474121094,35.619998931884766,34.656497955322266,2849100,FOXA
2019-12-10,35.5099983215332,36.0099983215332,35.2400016784668,35.810001373291016,34.84135818481445,5996800,FOXA
2019-12-11,35.75,36.595001220703125,35.75,36.15999984741211,35.18189239501953,5668700,FOXA
2019-12-12,36.31999969482422,36.939998626708984,36.10900115966797,36.849998474121094,35.85322570800781,5796400,FOXA
2019-12-13,36.72999954223633,36.9900016784668,36.505001068115234,36.77000045776367,35.775386810302734,5970900,FOXA
2019-12-16,36.95000076293945,37.15999984741211,36.70199966430664,36.810001373291016,35.81431198120117,4273000,FOXA
2019-12-17,36.709999084472656,37.2599983215332,36.435001373291016,37.15999984741211,36.15483856201172,4143100,FOXA
2019-12-18,37.189998626708984,37.33000183105469,36.88999938964844,36.93000030517578,35.931060791015625,3392500,FOXA
2019-12-19,36.7599983215332,37.16999816894531,36.7599983215332,37.0,35.999168395996094,2629300,FOXA
2019-12-20,37.290000915527344,37.290000915527344,36.720001220703125,37.16999816894531,36.16456985473633,6211700,FOXA
2019-12-23,37.16999816894531,37.625,37.040000915527344,37.45500183105469,36.44186019897461,3712100,FOXA
2019-12-24,37.439998626708984,37.599998474121094,37.25,37.29999923706055,36.291053771972656,1940700,FOXA
2019-12-26,37.2599983215332,37.66999816894531,37.2599983215332,37.56999969482422,36.55375289916992,3699200,FOXA
2019-12-27,37.650001525878906,37.720001220703125,37.21500015258789,37.40999984741211,36.39807891845703,1969000,FOXA
2019-12-30,37.41999816894531,37.560001373291016,36.9900016784668,37.08000183105469,36.077003479003906,3039600,FOXA
2019-12-31,36.939998626708984,37.17499923706055,36.7599983215332,37.06999969482422,36.06727600097656,2315400,FOXA
2020-01-02,37.40999984741211,37.470001220703125,36.57500076293945,37.06999969482422,36.06727600097656,4500700,FOXA
2020-01-03,36.689998626708984,36.97999954223633,36.619998931884766,36.665000915527344,35.67323303222656,4035800,FOXA
2020-01-06,36.65999984741211,36.76499938964844,36.36000061035156,36.56999969482422,35.5807991027832,2433100,FOXA
2020-01-07,36.560001373291016,37.224998474121094,36.400001525878906,37.06999969482422,36.06727600097656,3254000,FOXA
2020-01-08,37.130001068115234,37.5099983215332,37.040000915527344,37.11000061035156,36.1061897277832,3709700,FOXA
2020-01-09,37.18000030517578,37.3650016784668,36.814998626708984,37.18000030517578,36.17430114746094,3621900,FOXA
2020-01-10,37.119998931884766,37.2400016784668,36.63999938964844,36.720001220703125,35.726741790771484,2664000,FOXA
2020-01-13,36.720001220703125,37.150001525878906,36.470001220703125,36.9900016784668,35.98944091796875,2674400,FOXA
2020-01-14,36.790000915527344,37.5099983215332,36.7599983215332,37.2599983215332,36.252132415771484,4530900,FOXA
2020-01-15,37.36000061035156,37.599998474121094,37.16999816894531,37.47999954223633,36.466182708740234,6165200,FOXA
2020-01-16,37.709999084472656,39.13999938964844,37.619998931884766,39.11000061035156,38.052093505859375,7362800,FOXA
2020-01-17,39.279998779296875,39.73500061035156,39.15999984741211,39.34000015258789,38.275875091552734,4785900,FOXA
2020-01-21,39.0,39.380001068115234,38.84000015258789,39.099998474121094,38.042362213134766,4104800,FOXA
2020-01-22,39.150001525878906,39.310001373291016,38.85499954223633,39.09000015258789,38.03263473510742,3920900,FOXA
2020-01-23,38.77000045776367,39.02000045776367,37.34000015258789,37.4900016784668,36.475914001464844,5845500,FOXA
2020-01-24,37.29999923706055,37.459999084472656,36.18000030517578,36.61000061035156,35.61971664428711,9289700,FOXA
2020-01-27,36.439998626708984,37.01499938964844,36.189998626708984,36.880001068115234,35.882415771484375,9909300,FOXA
2020-01-28,37.349998474121094,37.43000030517578,36.75,37.13999938964844,36.135379791259766,3268100,FOXA
2020-01-29,36.95000076293945,37.220001220703125,36.42499923706055,36.58000183105469,35.59053039550781,2596000,FOXA
2020-01-30,36.16999816894531,37.06999969482422,36.04999923706055,37.029998779296875,36.028350830078125,2956800,FOXA
2020-01-31,37.0,37.20000076293945,36.470001220703125,37.08000183105469,36.077003479003906,5283900,FOXA
2020-02-03,37.29999923706055,37.9900016784668,37.11000061035156,37.59000015258789,36.573211669921875,3371400,FOXA
2020-02-04,37.959999084472656,38.310001373291016,37.75,38.029998779296875,37.001304626464844,3331000,FOXA
2020-02-05,38.540000915527344,38.97999954223633,38.119998931884766,38.66999816894531,37.62399673461914,6335000,FOXA
2020-02-06,39.099998474121094,39.41999816894531,36.72999954223633,37.11000061035156,36.1061897277832,9336400,FOXA
2020-02-07,36.97999954223633,37.06999969482422,36.47999954223633,37.0,35.999168395996094,3634300,FOXA
2020-02-10,36.869998931884766,37.40999984741211,36.720001220703125,37.29999923706055,36.291053771972656,3212900,FOXA
2020-02-11,37.22999954223633,37.43899917602539,36.65999984741211,37.130001068115234,36.125648498535156,2550300,FOXA
2020-02-12,37.33000183105469,37.70000076293945,37.22999954223633,37.66999816894531,36.65104675292969,3303300,FOXA
2020-02-13,37.529998779296875,38.275001525878906,37.459999084472656,38.0,36.97211837768555,2034800,FOXA
2020-02-14,38.08000183105469,38.11000061035156,37.47999954223633,37.79999923706055,36.777530670166016,2349600,FOXA
2020-02-18,37.7599983215332,37.9900016784668,37.45000076293945,37.779998779296875,36.75806427001953,2065400,FOXA
2020-02-19,37.93000030517578,38.279998779296875,37.599998474121094,38.029998779296875,37.001304626464844,1839300,FOXA
2020-02-20,37.70000076293945,37.900001525878906,36.33000183105469,37.029998779296875,36.028350830078125,5305700,FOXA
2020-02-21,36.709999084472656,37.599998474121094,35.75,35.9900016784668,35.01648712158203,5024200,FOXA
2020-02-24,35.650001525878906,35.650001525878906,34.47999954223633,34.689998626708984,33.751651763916016,5577600,FOXA
2020-02-25,34.810001373291016,35.0,33.025001525878906,33.209999084472656,32.311683654785156,5241300,FOXA
2020-02-26,33.560001373291016,33.77000045776367,32.400001525878906,32.790000915527344,31.903047561645508,5632300,FOXA
2020-02-27,32.22999954223633,32.88999938964844,31.329999923706055,31.34000015258789,30.492267608642578,7439900,FOXA
2020-02-28,30.25,31.68000030517578,30.15999984741211,30.739999771118164,29.908496856689453,7567100,FOXA
2020-03-02,30.729999542236328,32.13999938964844,30.350000381469727,32.11000061035156,31.24144172668457,7503700,FOXA
2020-03-03,31.420000076293945,32.630001068115234,30.65999984741211,30.989999771118164,30.369266510009766,4869200,FOXA
2020-03-04,31.31999969482422,31.56999969482422,30.420000076293945,30.93000030517578,30.310470581054688,4338400,FOXA
2020-03-05,30.15999984741211,30.389999389648438,29.18000030517578,29.440000534057617,28.85031509399414,5392200,FOXA
2020-03-06,28.25,29.09000015258789,28.15999984741211,28.84000015258789,28.262331008911133,8403600,FOXA
2020-03-09,26.93000030517578,27.989999771118164,25.040000915527344,27.479999542236328,26.92957305908203,6988900,FOXA
2020-03-10,28.270000457763672,29.260000228881836,27.0,29.110000610351562,28.526926040649414,4608400,FOXA
2020-03-11,28.209999084472656,28.65999984741211,27.520000457763672,27.780000686645508,27.22356414794922,5364500,FOXA
2020-03-12,26.760000228881836,27.100000381469727,24.8700008392334,26.219999313354492,25.694808959960938,7766100,FOXA
2020-03-13,27.559999465942383,28.639999389648438,24.600000381469727,26.149999618530273,25.626211166381836,6759900,FOXA
2020-03-16,23.809999465942383,24.969999313354492,23.12299919128418,24.010000228881836,23.529077529907227,9605600,FOXA
2020-03-17,24.3700008392334,25.579999923706055,22.920000076293945,25.139999389648438,24.636442184448242,7751200,FOXA
2020-03-18,23.719999313354492,24.700000762939453,21.84000015258789,22.34000015258789,21.892528533935547,7119000,FOXA
2020-03-19,22.290000915527344,23.899999618530273,20.780000686645508,22.81999969482422,22.362911224365234,6085400,FOXA
2020-03-20,23.170000076293945,23.600000381469727,20.850000381469727,20.989999771118164,20.569568634033203,8498700,FOXA
2020-03-23,21.1299991607666,21.34000015258789,19.809999465942383,20.200000762939453,19.795392990112305,8091700,FOXA
2020-03-24,21.1200008392334,22.350000381469727,20.549999237060547,22.290000915527344,21.843528747558594,6343500,FOXA
2020-03-25,22.360000610351562,25.420000076293945,21.979999542236328,24.139999389648438,23.65647315979004,7525500,FOXA
2020-03-26,24.200000762939453,25.549999237060547,24.149999618530273,24.969999313354492,24.469846725463867,5185800,FOXA
2020-03-27,24.15999984741211,24.260000228881836,22.329999923706055,22.510000228881836,22.05912208557129,6134500,FOXA
2020-03-30,22.299999237060547,24.469999313354492,22.0,24.309999465942383,23.823068618774414,5909900,FOXA
2020-03-31,24.690000534057617,24.81999969482422,23.450000762939453,23.6299991607666,23.156688690185547,5594100,FOXA
2020-04-01,22.670000076293945,22.780000686645508,21.950000762939453,22.34000015258789,21.892528533935547,4556100,FOXA
2020-04-02,22.489999771118164,23.5,22.0049991607666,22.670000076293945,22.215919494628906,4944600,FOXA
2020-04-03,22.510000228881836,22.729999542236328,21.809999465942383,22.299999237060547,21.85332679748535,4296100,FOXA
2020-04-06,23.420000076293945,25.259000778198242,23.31999969482422,25.059999465942383,24.55804443359375,4453800,FOXA
2020-04-07,26.209999084472656,27.110000610351562,25.389999389648438,25.489999771118164,24.97943115234375,4559900,FOXA
2020-04-08,25.940000534057617,26.56999969482422,25.510000228881836,26.299999237060547,25.773208618164062,4832200,FOXA
2020-04-09,26.540000915527344,27.079999923706055,25.600000381469727,25.989999771118164,25.469417572021484,5180200,FOXA
2020-04-13,25.829999923706055,26.110000610351562,24.940000534057617,25.989999771118164,25.469417572021484,3468400,FOXA
2020-04-14,26.34000015258789,26.65999984741211,25.90999984741211,26.510000228881836,25.979001998901367,2735400,FOXA
2020-04-15,25.770000457763672,25.8700008392334,24.959999084472656,25.700000762939453,25.18522834777832,2454600,FOXA
2020-04-16,25.639999389648438,25.945999145507812,24.850000381469727,25.540000915527344,25.028432846069336,2594500,FOXA
2020-04-17,26.19499969482422,26.954999923706055,25.969999313354492,26.875,26.336688995361328,4006900,FOXA
2020-04-20,26.170000076293945,26.780000686645508,25.979999542236328,26.059999465942383,25.538015365600586,2551500,FOXA
2020-04-21,25.3799991607666,25.899999618530273,25.149999618530273,25.540000915527344,25.028432846069336,3155400,FOXA
2020-04-22,26.049999237060547,26.389999389648438,24.709999084472656,24.770000457763672,24.273853302001953,3965300,FOXA
2020-04-23,24.8799991607666,25.434999465942383,23.920000076293945,24.860000610351562,24.362051010131836,4201900,FOXA
2020-04-24,24.899999618530273,25.010000228881836,24.360000610351562,24.834999084472656,24.33755111694336,4955100,FOXA
2020-04-27,25.209999084472656,26.68000030517578,25.010000228881836,26.389999389648438,25.861404418945312,3912900,FOXA
2020-04-28,26.989999771118164,28.059999465942383,26.709999084472656,27.139999389648438,26.59638214111328,5663000,FOXA
2020-04-29,28.020000457763672,28.6200008392334,27.954999923706055,28.3700008392334,27.801748275756836,5137900,FOXA
2020-04-30,27.559999465942383,27.8799991607666,25.399999618530273,25.8700008392334,25.351823806762695,6059700,FOXA
2020-05-01,25.43000030517578,25.81999969482422,24.975000381469727,25.43000030517578,24.920635223388672,2782600,FOXA
2020-05-04,25.31999969482422,25.420000076293945,24.555999755859375,24.9950008392334,24.494348526000977,4232500,FOXA
2020-05-05,25.040000915527344,25.360000610351562,23.889999389648438,24.100000381469727,23.61727523803711,4870400,FOXA
2020-05-06,24.299999237060547,25.0049991607666,23.56999969482422,24.809999465942383,24.313053131103516,5374500,FOXA
2020-05-07,26.459999084472656,27.079999923706055,25.209999084472656,25.25,24.744239807128906,8125000,FOXA
2020-05-08,25.969999313354492,26.299999237060547,25.6299991607666,26.0,25.479217529296875,6613700,FOXA
2020-05-11,25.540000915527344,26.059999465942383,25.040000915527344,25.670000076293945,25.155826568603516,4509100,FOXA
2020-05-12,25.809999465942383,26.079999923706055,25.174999237060547,25.354999542236328,24.847135543823242,3936100,FOXA
2020-05-13,25.219999313354492,25.219999313354492,23.735000610351562,24.520000457763672,24.02886390686035,4540500,FOXA
2020-05-14,24.1200008392334,25.829999923706055,23.770000457763672,25.770000457763672,25.25382423400879,4823700,FOXA
2020-05-15,25.520000457763672,26.190000534057617,25.235000610351562,26.059999465942383,25.538015365600586,3136000,FOXA
2020-05-18,26.989999771118164,27.635000228881836,26.625,27.469999313354492,26.91977310180664,4533300,FOXA
2020-05-19,27.489999771118164,28.1299991607666,27.0,27.56999969482422,27.01776885986328,4340300,FOXA
2020-05-20,27.8799991607666,28.43000030517578,27.6299991607666,27.809999465942383,27.252962112426758,3226800,FOXA
2020-05-21,27.610000610351562,28.065000534057617,27.559999465942383,27.6200008392334,27.066768646240234,2945500,FOXA
2020-05-22,27.530000686645508,27.96500015258789,27.469999313354492,27.799999237060547,27.243160247802734,2656900,FOXA
2020-05-26,28.739999771118164,29.25,28.479999542236328,29.030000686645508,28.44852638244629,4499700,FOXA
2020-05-27,29.68000030517578,30.15999984741211,29.040000915527344,29.649999618530273,29.056106567382812,5280600,FOXA
2020-05-28,29.610000610351562,29.940000534057617,28.860000610351562,28.93000030517578,28.350528717041016,3400400,FOXA
2020-05-29,28.770000457763672,29.209999084472656,28.360000610351562,29.170000076293945,28.585721969604492,4180800,FOXA
2020-06-01,29.1299991607666,29.7549991607666,29.06999969482422,29.540000915527344,28.948312759399414,2467000,FOXA
2020-06-02,29.6299991607666,29.756999969482422,29.06999969482422,29.299999237060547,28.713117599487305,3560200,FOXA
2020-06-03,29.809999465942383,31.184999465942383,29.450000762939453,30.770000457763672,30.15367317199707,5762700,FOXA
2020-06-04,30.56999969482422,31.049999237060547,30.079999923706055,30.530000686645508,29.918481826782227,3668300,FOXA
2020-06-05,31.920000076293945,32.349998474121094,30.53499984741211,30.850000381469727,30.232072830200195,5592600,FOXA
2020-06-08,31.030000686645508,32.78499984741211,31.030000686645508,32.47999954223633,31.82942008972168,5503500,FOXA
2020-06-09,31.719999313354492,32.119998931884766,30.75,30.809999465942383,30.19287109375,4999100,FOXA
2020-06-10,30.700000762939453,30.81999969482422,29.530000686645508,30.139999389648438,29.536291122436523,4328100,FOXA
2020-06-11,29.360000610351562,29.450000762939453,27.90999984741211,28.059999465942383,27.497953414916992,5890600,FOXA
2020-06-12,28.899999618530273,29.030000686645508,27.65999984741211,28.290000915527344,27.723350524902344,4221100,FOXA
2020-06-15,27.360000610351562,29.7450008392334,27.110000610351562,29.290000915527344,28.703319549560547,4892900,FOXA
2020-06-16,30.149999618530273,30.469999313354492,27.969999313354492,28.309999465942383,27.74294662475586,4684400,FOXA
2020-06-17,28.280000686645508,28.520000457763672,27.809999465942383,28.06999969482422,27.507755279541016,5167600,FOXA
2020-06-18,28.030000686645508,29.040000915527344,27.719999313354492,29.0,28.419126510620117,5025900,FOXA
2020-06-19,30.149999618530273,30.149999618530273,28.209999084472656,28.31999969482422,27.75274658203125,7580100,FOXA
2020-06-22,28.040000915527344,28.209999084472656,27.579999923706055,28.110000610351562,27.546955108642578,5569000,FOXA
2020-06-23,28.469999313354492,28.854999542236328,28.18000030517578,28.260000228881836,27.69394874572754,5512500,FOXA
2020-06-24,27.950000762939453,28.07900047302246,26.899999618530273,27.3799991607666,26.831575393676758,5106400,FOXA
2020-06-25,26.989999771118164,27.104999542236328,26.420000076293945,26.93000030517578,26.390588760375977,5782100,FOXA
2020-06-26,26.68000030517578,26.739999771118164,25.469999313354492,25.700000762939453,25.18522834777832,7361000,FOXA
2020-06-29,25.8700008392334,26.93000030517578,25.729999542236328,26.899999618530273,26.361190795898438,4638000,FOXA
2020-06-30,26.799999237060547,27.0,26.475000381469727,26.81999969482422,26.282793045043945,3837900,FOXA
2020-07-01,26.920000076293945,27.350000381469727,26.479999542236328,26.93000030517578,26.390588760375977,3724500,FOXA
2020-07-02,27.6299991607666,27.729999542236328,26.469999313354492,26.559999465942383,26.027999877929688,3614200,FOXA
2020-07-06,27.010000228881836,27.290000915527344,26.1200008392334,26.5,25.969202041625977,5096700,FOXA
2020-07-07,26.239999771118164,26.3799991607666,25.6299991607666,25.690000534057617,25.17542839050293,3815000,FOXA
2020-07-08,25.579999923706055,25.670000076293945,24.9950008392334,25.299999237060547,24.793237686157227,4276500,FOXA
2020-07-09,25.280000686645508,25.420000076293945,23.93000030517578,24.3700008392334,23.881866455078125,5923700,FOXA
2020-07-10,24.43000030517578,25.385000228881836,24.209999084472656,25.31999969482422,24.812835693359375,3359700,FOXA
2020-07-13,25.110000610351562,25.53499984741211,24.34000015258789,24.959999084472656,24.460046768188477,5806900,FOXA
2020-07-14,24.780000686645508,25.424999237060547,24.479999542236328,25.030000686645508,24.52864646911621,3664900,FOXA
2020-07-15,25.329999923706055,26.18000030517578,25.329999923706055,26.059999465942383,25.538015365600586,5356100,FOXA
2020-07-16,25.8700008392334,26.3700008392334,25.770000457763672,26.170000076293945,25.64581298828125,2200500,FOXA
2020-07-17,26.18000030517578,26.360000610351562,25.010000228881836,25.280000686645508,24.773639678955078,5080000,FOXA
2020-07-20,25.139999389648438,25.389999389648438,24.295000076293945,24.760000228881836,24.264053344726562,3842300,FOXA
2020-07-21,24.920000076293945,25.670000076293945,24.809999465942383,25.399999618530273,24.8912353515625,4913000,FOXA
2020-07-22,25.469999313354492,25.950000762939453,25.219999313354492,25.90999984741211,25.391021728515625,2859700,FOXA
2020-07-23,26.06999969482422,26.530000686645508,25.94499969482422,26.239999771118164,25.71441078186035,4029800,FOXA
2020-07-24,26.420000076293945,27.3799991607666,26.31999969482422,26.65999984741211,26.12599754333496,4132900,FOXA
2020-07-27,26.579999923706055,26.760000228881836,25.40999984741211,25.719999313354492,25.204824447631836,4550900,FOXA
2020-07-28,25.540000915527344,26.184999465942383,25.452999114990234,25.739999771118164,25.22442626953125,2593900,FOXA
2020-07-29,25.8700008392334,26.049999237060547,25.40999984741211,25.860000610351562,25.342021942138672,2170100,FOXA
2020-07-30,25.5,26.0,25.260000228881836,25.81999969482422,25.30282211303711,3669700,FOXA
2020-07-31,25.84000015258789,25.84000015258789,25.170000076293945,25.770000457763672,25.25382423400879,3924900,FOXA
2020-08-03,25.770000457763672,26.420000076293945,25.43000030517578,26.360000610351562,25.832006454467773,3825000,FOXA
2020-08-04,26.309999465942383,27.200000762939453,26.18000030517578,26.670000076293945,26.13579750061035,5462500,FOXA
2020-08-05,25.360000610351562,25.709999084472656,24.219999313354492,24.725000381469727,24.229755401611328,7628100,FOXA
2020-08-06,24.899999618530273,25.31999969482422,24.639999389648438,24.989999771118164,24.48944664001465,5962300,FOXA
2020-08-07,24.8700008392334,25.100000381469727,24.270000457763672,24.670000076293945,24.175857543945312,7072300,FOXA
2020-08-10,24.610000610351562,24.860000610351562,24.174999237060547,24.399999618530273,23.911264419555664,9867100,FOXA
2020-08-11,24.780000686645508,25.4950008392334,24.59000015258789,24.65999984741211,24.166057586669922,7979000,FOXA
2020-08-12,24.950000762939453,25.139999389648438,24.600000381469727,24.920000076293945,24.42085075378418,4732500,FOXA
2020-08-13,24.84000015258789,25.610000610351562,24.729999542236328,25.56999969482422,25.057830810546875,6538900,FOXA
2020-08-14,25.59000015258789,26.045000076293945,25.209999084472656,25.739999771118164,25.22442626953125,3036100,FOXA
2020-08-17,25.889999389648438,25.93000030517578,25.174999237060547,25.559999465942383,25.048030853271484,3101200,FOXA
2020-08-18,25.56999969482422,25.799999237060547,25.450000762939453,25.635000228881836,25.12152862548828,2673600,FOXA
2020-08-19,25.600000381469727,26.149999618530273,25.59000015258789,25.850000381469727,25.33222007751465,3437600,FOXA
2020-08-20,25.709999084472656,26.020000457763672,25.510000228881836,25.889999389648438,25.37141990661621,4719000,FOXA
2020-08-21,25.81999969482422,26.049999237060547,25.56999969482422,26.0,25.479217529296875,3016600,FOXA
2020-08-24,26.079999923706055,27.139999389648438,26.0,26.979999542236328,26.439586639404297,3620800,FOXA
2020-08-25,26.950000762939453,27.229999542236328,26.40999984741211,26.899999618530273,26.361190795898438,4075300,FOXA
2020-08-26,26.790000915527344,27.295000076293945,26.6200008392334,27.149999618530273,26.606182098388672,4463600,FOXA
2020-08-27,27.399999618530273,27.815000534057617,27.290000915527344,27.56999969482422,27.01776885986328,3601200,FOXA
2020-08-28,27.600000381469727,27.829999923706055,27.40999984741211,27.815000534057617,27.257862091064453,3859700,FOXA
2020-08-31,28.0,28.40999984741211,27.649999618530273,27.860000610351562,27.301963806152344,5925300,FOXA
2020-09-01,26.799999237060547,27.579999923706055,26.799999237060547,27.440000534057617,27.114215850830078,4016500,FOXA
2020-09-02,27.479999542236328,28.100000381469727,27.469999313354492,27.8799991607666,27.548992156982422,3517400,FOXA
2020-09-03,28.06999969482422,28.6200008392334,27.209999084472656,27.350000381469727,27.025285720825195,6258200,FOXA
2020-09-04,27.8799991607666,27.969999313354492,27.219999313354492,27.65999984741211,27.331605911254883,4928700,FOXA
2020-09-08,27.530000686645508,28.290000915527344,27.450000762939453,27.690000534057617,27.361249923706055,4941600,FOXA
2020-09-09,27.75,28.43000030517578,27.3799991607666,28.200000762939453,27.86519432067871,4781100,FOXA
2020-09-10,28.270000457763672,28.7450008392334,28.010000228881836,28.190000534057617,27.855314254760742,4424500,FOXA
2020-09-11,28.31999969482422,28.639999389648438,27.639999389648438,28.139999389648438,27.805904388427734,4736200,FOXA
2020-09-14,28.290000915527344,29.295000076293945,28.219999313354492,28.65999984741211,28.319730758666992,5798200,FOXA
2020-09-15,28.729999542236328,28.9950008392334,28.364999771118164,28.610000610351562,28.270326614379883,3350900,FOXA
2020-09-16,28.860000610351562,29.920000076293945,28.75,29.34000015258789,28.99165916442871,5352200,FOXA
2020-09-17,28.700000762939453,29.25,28.3799991607666,28.6299991607666,28.29008674621582,4241300,FOXA
2020-09-18,28.649999618530273,28.65999984741211,27.59000015258789,27.959999084472656,27.628042221069336,6768000,FOXA
2020-09-21,27.530000686645508,27.670000076293945,26.440000534057617,26.780000686645508,26.462053298950195,4797600,FOXA
2020-09-22,26.850000381469727,27.1200008392334,26.55500030517578,26.770000457763672,26.452173233032227,4321000,FOXA
2020-09-23,26.59000015258789,26.969999313354492,25.860000610351562,25.90999984741211,25.60238265991211,3726100,FOXA
2020-09-24,25.969999313354492,26.43000030517578,25.56999969482422,26.200000762939453,25.888938903808594,2443200,FOXA
2020-09-25,25.979999542236328,26.844999313354492,25.920000076293945,26.700000762939453,26.38300323486328,3348500,FOXA
2020-09-28,27.09000015258789,27.860000610351562,27.06999969482422,27.84000015258789,27.50946807861328,3112800,FOXA
2020-09-29,27.709999084472656,27.969999313354492,27.1200008392334,27.770000457763672,27.440298080444336,3335300,FOXA
2020-09-30,27.989999771118164,28.520000457763672,27.5,27.829999923706055,27.49958610534668,4539300,FOXA
2020-10-01,27.959999084472656,28.219999313354492,27.5049991607666,28.020000457763672,27.687332153320312,3437700,FOXA
2020-10-02,27.68000030517578,28.360000610351562,26.915000915527344,28.079999923706055,27.746618270874023,4330600,FOXA
2020-10-05,28.229999542236328,28.780000686645508,28.020000457763672,28.709999084472656,28.369136810302734,2589600,FOXA
2020-10-06,28.780000686645508,29.059999465942383,27.809999465942383,27.920000076293945,27.588518142700195,3580600,FOXA
2020-10-07,28.200000762939453,29.260000228881836,28.100000381469727,28.969999313354492,28.62605094909668,4490300,FOXA
2020-10-08,29.25,29.56999969482422,28.915000915527344,29.559999465942383,29.20904541015625,2509300,FOXA
2020-10-09,29.770000457763672,30.0,29.040000915527344,29.190000534057617,28.84343910217285,3239500,FOXA
2020-10-12,29.440000534057617,29.520000457763672,28.825000762939453,28.940000534057617,28.59640884399414,3221200,FOXA
2020-10-13,28.889999389648438,28.915000915527344,27.15999984741211,27.229999542236328,26.906709671020508,7186800,FOXA
2020-10-14,27.260000228881836,27.450000762939453,26.899999618530273,26.93000030517578,26.610271453857422,3279600,FOXA
2020-10-15,26.790000915527344,26.979999542236328,26.3700008392334,26.93000030517578,26.610271453857422,6332700,FOXA
2020-10-16,27.110000610351562,27.229999542236328,26.549999237060547,26.860000610351562,26.54110336303711,3428300,FOXA
2020-10-19,27.09000015258789,27.110000610351562,25.969999313354492,26.020000457763672,25.711074829101562,3741400,FOXA
2020-10-20,26.399999618530273,26.399999618530273,25.8700008392334,26.049999237060547,25.740718841552734,3402700,FOXA
2020-10-21,25.899999618530273,26.700000762939453,25.780000686645508,26.56999969482422,26.254545211791992,2572500,FOXA
2020-10-22,26.84000015258789,27.600000381469727,26.719999313354492,27.459999084472656,27.13397789001465,3572100,FOXA
2020-10-23,27.6200008392334,27.665000915527344,26.719999313354492,27.079999923706055,26.75848960876465,3463800,FOXA
2020-10-26,26.81999969482422,26.84000015258789,26.09000015258789,26.40999984741211,26.096445083618164,4847100,FOXA
2020-10-27,26.350000381469727,26.360000610351562,26.045000076293945,26.184999465942383,25.874114990234375,3079300,FOXA
2020-10-28,25.780000686645508,26.030000686645508,25.209999084472656,25.309999465942383,25.009504318237305,3730100,FOXA
2020-10-29,24.934999465942383,25.809999465942383,24.934999465942383,25.56999969482422,25.26641845703125,2419900,FOXA
2020-10-30,25.559999465942383,26.520000457763672,25.510000228881836,26.520000457763672,26.20513916015625,5642200,FOXA
2020-11-02,26.65999984741211,27.459999084472656,26.290000915527344,27.399999618530273,27.074689865112305,7284200,FOXA
2020-11-03,28.809999465942383,29.280000686645508,26.360000610351562,27.040000915527344,26.718965530395508,8345200,FOXA
2020-11-04,26.93000030517578,27.100000381469727,24.979999542236328,25.6299991607666,25.32570457458496,15753100,FOXA
2020-11-05,26.06999969482422,26.665000915527344,25.440000534057617,26.610000610351562,26.294071197509766,6588700,FOXA
2020-11-06,26.43000030517578,26.614999771118164,25.645000457763672,25.950000762939453,25.64190673828125,7824100,FOXA
2020-11-09,26.969999313354492,27.610000610351562,25.969999313354492,26.25,25.938344955444336,8566600,FOXA
2020-11-10,26.010000228881836,27.135000228881836,25.8799991607666,26.850000381469727,26.531221389770508,4604600,FOXA
2020-11-11,26.950000762939453,27.600000381469727,26.575000762939453,27.459999084472656,27.13397789001465,6876700,FOXA
2020-11-12,27.1200008392334,27.225000381469727,25.329999923706055,25.639999389648438,25.335586547851562,14392500,FOXA
2020-11-13,25.950000762939453,26.760000228881836,25.60700035095215,26.635000228881836,26.318775177001953,6481200,FOXA
2020-11-16,26.829999923706055,27.6299991607666,26.700000762939453,27.18000030517578,26.857303619384766,8104900,FOXA
2020-11-17,27.06999969482422,28.21500015258789,26.665000915527344,28.15999984741211,27.825666427612305,5242800,FOXA
2020-11-18,28.100000381469727,28.190000534057617,27.639999389648438,27.65999984741211,27.331605911254883,4151400,FOXA
2020-11-19,27.610000610351562,27.975000381469727,27.3799991607666,27.709999084472656,27.381010055541992,4010200,FOXA
2020-11-20,27.729999542236328,27.937999725341797,27.540000915527344,27.829999923706055,27.49958610534668,2846600,FOXA
2020-11-23,28.0,28.760000228881836,27.75,28.530000686645508,28.191274642944336,3551300,FOXA
2020-11-24,28.850000381469727,29.75,28.610000610351562,29.479999542236328,29.129995346069336,4009900,FOXA
2020-11-25,29.450000762939453,29.450000762939453,28.8700008392334,29.299999237060547,28.952133178710938,2204100,FOXA
2020-11-27,29.06999969482422,29.420000076293945,29.06999969482422,29.15999984741211,28.81379508972168,1551700,FOXA
2020-11-30,29.059999465942383,29.209999084472656,28.709999084472656,28.84000015258789,28.497594833374023,4109500,FOXA
2020-12-01,29.1200008392334,30.579999923706055,28.969999313354492,30.139999389648438,29.78215980529785,8829700,FOXA
2020-12-02,30.219999313354492,30.655000686645508,29.770000457763672,30.600000381469727,30.2367000579834,10815600,FOXA
2020-12-03,30.68000030517578,31.010000228881836,30.235000610351562,30.31999969482422,29.960023880004883,4730800,FOXA
2020-12-04,30.469999313354492,30.520000457763672,29.739999771118164,29.84000015258789,29.4857234954834,5831400,FOXA
2020-12-07,29.6200008392334,30.030000686645508,29.500999450683594,29.68000030517578,29.327621459960938,5121500,FOXA
2020-12-08,29.579999923706055,29.790000915527344,29.104999542236328,29.2549991607666,28.90766716003418,4432800,FOXA
2020-12-09,29.329999923706055,29.68000030517578,29.049999237060547,29.239999771118164,28.892845153808594,7025400,FOXA
2020-12-10,29.079999923706055,29.229999542236328,28.8799991607666,29.110000610351562,28.76439094543457,3678500,FOXA
2020-12-11,28.90999984741211,29.3700008392334,28.510000228881836,29.31999969482422,28.971895217895508,3492100,FOXA
2020-12-14,29.739999771118164,29.770000457763672,28.760000228881836,28.780000686645508,28.438308715820312,4596300,FOXA
2020-12-15,28.8799991607666,28.940000534057617,27.985000610351562,28.579999923706055,28.24068260192871,4705500,FOXA
2020-12-16,28.639999389648438,28.8799991607666,28.350000381469727,28.450000762939453,28.112226486206055,3169500,FOXA
2020-12-17,28.56999969482422,28.700000762939453,27.850000381469727,28.540000915527344,28.20115852355957,3799700,FOXA
2020-12-18,28.540000915527344,28.81999969482422,27.920000076293945,28.15999984741211,27.825666427612305,6017900,FOXA
2020-12-21,27.780000686645508,27.93000030517578,27.315000534057617,27.719999313354492,27.390892028808594,2718900,FOXA
2020-12-22,27.510000228881836,27.719999313354492,27.1200008392334,27.270000457763672,26.94623374938965,3069200,FOXA
2020-12-23,27.350000381469727,28.219999313354492,27.290000915527344,28.110000610351562,27.776262283325195,3292700,FOXA
2020-12-24,28.049999237060547,28.530000686645508,28.049999237060547,28.309999465942383,27.973886489868164,1363500,FOXA
2020-12-28,28.459999084472656,29.315000534057617,28.299999237060547,29.139999389648438,28.79403305053711,3661300,FOXA
2020-12-29,29.190000534057617,29.295000076293945,28.84000015258789,29.020000457763672,28.675457000732422,1569900,FOXA
2020-12-30,29.139999389648438,29.549999237060547,29.040000915527344,29.09000015258789,28.744626998901367,1951600,FOXA
2020-12-31,29.1299991607666,29.375,28.989999771118164,29.1200008392334,28.77427101135254,2676300,FOXA
2021-01-04,29.239999771118164,29.709999084472656,28.459999084472656,28.809999465942383,28.46795082092285,4234200,FOXA
2021-01-05,28.829999923706055,29.604999542236328,28.760000228881836,29.44499969482422,29.095413208007812,3063100,FOXA
2021-01-06,30.100000381469727,32.18000030517578,29.860000610351562,32.0099983215332,31.62995719909668,7887600,FOXA
2021-01-07,31.989999771118164,31.989999771118164,30.920000076293945,30.940000534057617,30.572662353515625,5905200,FOXA
2021-01-08,30.829999923706055,31.040000915527344,29.729999542236328,30.09000015258789,29.73275375366211,5907900,FOXA
2021-01-11,29.969999313354492,30.59000015258789,29.790000915527344,30.329999923706055,29.969905853271484,5215900,FOXA
2021-01-12,30.420000076293945,30.56999969482422,29.700000762939453,29.770000457763672,29.416553497314453,4787200,FOXA
2021-01-13,29.59000015258789,30.030000686645508,29.329999923706055,29.959999084472656,29.604297637939453,6524000,FOXA
2021-01-14,30.18000030517578,31.459999084472656,29.665000915527344,31.270000457763672,30.898744583129883,10724900,FOXA
2021-01-15,31.1299991607666,31.739999771118164,30.729999542236328,31.489999771118164,31.116132736206055,9718500,FOXA
2021-01-19,31.65999984741211,31.65999984741211,29.850000381469727,30.010000228881836,29.653703689575195,5599900,FOXA
2021-01-20,30.030000686645508,31.270000457763672,30.030000686645508,31.020000457763672,30.65171241760254,8677200,FOXA
2021-01-21,30.729999542236328,31.31999969482422,30.6299991607666,31.040000915527344,30.671476364135742,4676500,FOXA
2021-01-22,30.850000381469727,30.860000610351562,29.84000015258789,30.15999984741211,29.801923751831055,6472900,FOXA
2021-01-25,30.200000762939453,32.220001220703125,30.094999313354492,32.09000015258789,31.709009170532227,9136900,FOXA
2021-01-26,32.189998626708984,35.18000030517578,32.189998626708984,34.93000030517578,34.515289306640625,15512300,FOXA
2021-01-27,35.34000015258789,40.72999954223633,34.130001068115234,34.380001068115234,33.971824645996094,23919900,FOXA
2021-01-28,34.380001068115234,35.13999938964844,31.81999969482422,31.899999618530273,31.521263122558594,8424100,FOXA
2021-01-29,31.790000915527344,32.689998626708984,30.959999084472656,31.18000030517578,30.809812545776367,5336800,FOXA
2021-02-01,31.25,32.060001373291016,30.93000030517578,31.8799991607666,31.501501083374023,3775700,FOXA
2021-02-02,31.950000762939453,32.060001373291016,30.295000076293945,30.510000228881836,30.147768020629883,4280100,FOXA
2021-02-03,30.59000015258789,30.7450008392334,30.21500015258789,30.280000686645508,29.92049789428711,3568200,FOXA
2021-02-04,30.31999969482422,30.920000076293945,30.030000686645508,30.420000076293945,30.058835983276367,4102400,FOXA
2021-02-05,30.389999389648438,31.719999313354492,30.09000015258789,31.420000076293945,31.046964645385742,4650800,FOXA
2021-02-08,31.65999984741211,32.77000045776367,31.43000030517578,32.689998626708984,32.301883697509766,7330600,FOXA
2021-02-09,32.749000549316406,32.900001525878906,30.530000686645508,30.729999542236328,30.365156173706055,6589200,FOXA
2021-02-10,30.90999984741211,31.989999771118164,30.479999542236328,31.780000686645508,31.402690887451172,7360200,FOXA
2021-02-11,31.579999923706055,32.220001220703125,31.360000610351562,32.0,31.62007713317871,4041000,FOXA
2021-02-12,31.940000534057617,32.82500076293945,31.899999618530273,32.59000015258789,32.20307540893555,3323400,FOXA
2021-02-16,32.540000915527344,32.72999954223633,31.56999969482422,31.729999542236328,31.353281021118164,5015100,FOXA
2021-02-17,31.850000381469727,32.11000061035156,31.500999450683594,31.75,31.373046875,2763900,FOXA
2021-02-18,31.799999237060547,32.40999984741211,31.670000076293945,32.17499923706055,31.792999267578125,4618300,FOXA
2021-02-19,32.34000015258789,33.9900016784668,32.18000030517578,33.779998779296875,33.378944396972656,4866200,FOXA
2021-02-22,33.7599983215332,35.33000183105469,33.70000076293945,34.689998626708984,34.278141021728516,6842500,FOXA
2021-02-23,34.790000915527344,35.380001068115234,33.650001525878906,34.119998931884766,33.714908599853516,4107100,FOXA
2021-02-24,33.84000015258789,34.22999954223633,33.4109992980957,34.040000915527344,33.635860443115234,3447200,FOXA
2021-02-25,34.29999923706055,34.66999816894531,32.86000061035156,33.040000915527344,32.64773178100586,3654900,FOXA
2021-02-26,33.150001525878906,33.849998474121094,32.79999923706055,33.310001373291016,32.914527893066406,5149000,FOXA
2021-03-01,34.060001373291016,35.0,33.53499984741211,34.790000915527344,34.376953125,5913900,FOXA
2021-03-02,34.650001525878906,38.810001373291016,34.52000045776367,37.95000076293945,37.49943923950195,12604000,FOXA
2021-03-03,38.15999984741211,40.54999923706055,37.5099983215332,39.33000183105469,38.86305618286133,13437000,FOXA
2021-03-04,39.65999984741211,40.33000183105469,37.959999084472656,39.09000015258789,38.62590026855469,6178600,FOXA
2021-03-05,39.619998931884766,41.439998626708984,39.11000061035156,41.290000915527344,40.799781799316406,6794700,FOXA
2021-03-08,40.880001068115234,42.625,40.13999938964844,42.33000183105469,41.82743453979492,5776600,FOXA
2021-03-09,42.150001525878906,42.275001525878906,40.040000915527344,40.31999969482422,40.058956146240234,5377700,FOXA
2021-03-10,40.599998474121094,41.599998474121094,39.939998626708984,41.459999084472656,41.19157791137695,2707800,FOXA
2021-03-11,41.20000076293945,42.38999938964844,40.86000061035156,41.845001220703125,41.5740852355957,2913500,FOXA
2021-03-12,41.7400016784668,43.0099983215332,41.72999954223633,42.779998779296875,42.503028869628906,3818800,FOXA
2021-03-15,43.0,43.720001220703125,42.290000915527344,42.70000076293945,42.42354965209961,3770900,FOXA
2021-03-16,43.11000061035156,44.79999923706055,43.029998779296875,44.18000030517578,43.89396667480469,5094500,FOXA
2021-03-17,43.560001373291016,44.099998474121094,41.47999954223633,42.91999816894531,42.64212417602539,4359000,FOXA
2021-03-18,42.4900016784668,43.65999984741211,42.470001220703125,42.880001068115234,42.602386474609375,3689600,FOXA
2021-03-19,43.0,43.310001373291016,42.56999969482422,42.92499923706055,42.647090911865234,6423400,FOXA
2021-03-22,42.869998931884766,43.709999084472656,42.439998626708984,43.650001525878906,43.367401123046875,3800900,FOXA
2021-03-23,43.34000015258789,43.439998626708984,41.63999938964844,41.810001373291016,41.53931427001953,3568400,FOXA
2021-03-24,41.79999923706055,42.099998474121094,40.08000183105469,40.119998931884766,39.860252380371094,4052000,FOXA
2021-03-25,40.189998626708984,40.970001220703125,39.584999084472656,40.29999923706055,40.039085388183594,4816800,FOXA
2021-03-26,39.9900016784668,40.439998626708984,35.33000183105469,37.79999923706055,37.55527114868164,12757700,FOXA
2021-03-29,37.75,38.20000076293945,36.77000045776367,37.22999954223633,36.98896408081055,4725800,FOXA
2021-03-30,37.40999984741211,37.91999816894531,36.5,37.11000061035156,36.8697395324707,3789300,FOXA
2021-03-31,37.16999816894531,37.40999984741211,36.0099983215332,36.11000061035156,35.876216888427734,6338300,FOXA
2021-04-01,36.45000076293945,36.72999954223633,35.7599983215332,36.310001373291016,36.074920654296875,3410600,FOXA
2021-04-05,36.625,36.70000076293945,35.40999984741211,36.400001525878906,36.164337158203125,4097400,FOXA
2021-04-06,36.20000076293945,37.52000045776367,36.11000061035156,37.04999923706055,36.81012725830078,3798900,FOXA
2021-04-07,37.369998931884766,38.0,36.81999969482422,37.310001373291016,37.06844711303711,3164900,FOXA
2021-04-08,37.209999084472656,37.33000183105469,36.400001525878906,37.0,36.76045227050781,3289900,FOXA
2021-04-09,37.0099983215332,37.59000015258789,36.630001068115234,37.459999084472656,37.217472076416016,2357200,FOXA
2021-04-12,37.7599983215332,38.33000183105469,37.2599983215332,37.41999816894531,37.177730560302734,2782400,FOXA
2021-04-13,37.540000915527344,38.09000015258789,37.34700012207031,37.470001220703125,37.22740936279297,2546100,FOXA
2021-04-14,37.18000030517578,37.95500183105469,37.06999969482422,37.22999954223633,36.98896408081055,3000000,FOXA
2021-04-15,37.810001373291016,38.5099983215332,37.6150016784668,37.8849983215332,37.63972091674805,3808400,FOXA
2021-04-16,38.130001068115234,38.560001373291016,37.77000045776367,37.94499969482422,37.69933319091797,3322700,FOXA
2021-04-19,37.790000915527344,38.31999969482422,37.52000045776367,37.68000030517578,37.43605041503906,3580200,FOXA
2021-04-20,37.7599983215332,38.27000045776367,37.41299819946289,37.79999923706055,37.55527114868164,4073600,FOXA
2021-04-21,37.59000015258789,38.79999923706055,37.43000030517578,38.61000061035156,38.36003112792969,4948200,FOXA
2021-04-22,38.529998779296875,38.869998931884766,37.90999984741211,38.119998931884766,37.873199462890625,3604700,FOXA
2021-04-23,38.459999084472656,38.70000076293945,38.13999938964844,38.40999984741211,38.16132354736328,1831200,FOXA
2021-04-26,38.529998779296875,38.560001373291016,37.709999084472656,38.20000076293945,37.95268249511719,2495000,FOXA
2021-04-27,38.060001373291016,38.58000183105469,37.869998931884766,38.279998779296875,38.03216552734375,4268000,FOXA
2021-04-28,37.93000030517578,38.279998779296875,37.58000183105469,37.81999969482422,37.57514190673828,2630800,FOXA
2021-04-29,38.029998779296875,38.2599983215332,37.505001068115234,37.77000045776367,37.52546691894531,2539000,FOXA
2021-04-30,37.790000915527344,37.83000183105469,37.220001220703125,37.41999816894531,37.177730560302734,3920900,FOXA
2021-05-03,37.86000061035156,37.86000061035156,36.599998474121094,36.61000061035156,36.37297821044922,4174800,FOXA
2021-05-04,36.90999984741211,37.130001068115234,36.2400016784668,36.7400016784668,36.50213623046875,4091400,FOXA
2021-05-05,36.959999084472656,37.0,36.224998474121094,36.34000015258789,36.1047248840332,2994400,FOXA
2021-05-06,36.58000183105469,38.40999984741211,36.564998626708984,37.56999969482422,37.32676315307617,3942700,FOXA
2021-05-07,37.4900016784668,38.439998626708984,37.349998474121094,38.31999969482422,38.07190704345703,2264300,FOXA
2021-05-10,38.31999969482422,39.459999084472656,38.11000061035156,38.83000183105469,38.57860565185547,3063900,FOXA
2021-05-11,38.59000015258789,39.040000915527344,38.01499938964844,38.505001068115234,38.25571060180664,2442400,FOXA
2021-05-12,38.29999923706055,38.75,37.88999938964844,37.935001373291016,37.68939971923828,2517300,FOXA
2021-05-13,37.93000030517578,39.15999984741211,37.849998474121094,38.7400016784668,38.48918914794922,2193500,FOXA
2021-05-14,38.400001525878906,38.65999984741211,37.13999938964844,37.2599983215332,37.018768310546875,4678000,FOXA
2021-05-17,37.75,38.220001220703125,36.720001220703125,36.77000045776367,36.53194046020508,4072300,FOXA
2021-05-18,37.040000915527344,37.720001220703125,36.900001525878906,37.349998474121094,37.108184814453125,3562000,FOXA
2021-05-19,36.91999816894531,37.61000061035156,36.79999923706055,37.349998474121094,37.108184814453125,3162900,FOXA
2021-05-20,37.290000915527344,37.77000045776367,37.16999816894531,37.25,37.00883483886719,2760600,FOXA
2021-05-21,37.279998779296875,37.85200119018555,37.15999984741211,37.58000183105469,37.336700439453125,3404800,FOXA
2021-05-24,37.529998779296875,37.900001525878906,37.33000183105469,37.439998626708984,37.197601318359375,1937400,FOXA
2021-05-25,37.709999084472656,37.93000030517578,36.95000076293945,37.150001525878906,36.909481048583984,2785500,FOXA
2021-05-26,37.16999816894531,38.060001373291016,37.06999969482422,37.5099983215332,37.267147064208984,2043900,FOXA
2021-05-27,37.720001220703125,38.380001068115234,37.65999984741211,37.95000076293945,37.70430374145508,4180400,FOXA
2021-05-28,37.939998626708984,38.04999923706055,37.09000015258789,37.349998474121094,37.108184814453125,2292900,FOXA
2021-06-01,37.630001068115234,37.7400016784668,37.15999984741211,37.31999969482422,37.0783805847168,2133700,FOXA
2021-06-02,37.38999938964844,37.5,36.404998779296875,36.779998779296875,36.541873931884766,4411500,FOXA
2021-06-03,36.869998931884766,37.119998931884766,36.040000915527344,36.619998931884766,36.382911682128906,2659700,FOXA
2021-06-04,36.630001068115234,37.27000045776367,36.5,37.189998626708984,36.949222564697266,2259400,FOXA
2021-06-07,37.279998779296875,37.59000015258789,36.939998626708984,37.150001525878906,36.909481048583984,1497500,FOXA
2021-06-08,37.150001525878906,37.244998931884766,36.3650016784668,36.59000015258789,36.35310745239258,2360900,FOXA
2021-06-09,37.310001373291016,38.06999969482422,36.86000061035156,37.63999938964844,37.39630889892578,3592100,FOXA
2021-06-10,37.75,37.869998931884766,37.310001373291016,37.470001220703125,37.22740936279297,2338400,FOXA
2021-06-11,37.58000183105469,37.959999084472656,37.470001220703125,37.93000030517578,37.68443298339844,2090000,FOXA
2021-06-14,37.97999954223633,38.11000061035156,37.34000015258789,37.68000030517578,37.43605041503906,2091900,FOXA
2021-06-15,37.970001220703125,38.13999938964844,37.36000061035156,37.709999084472656,37.46585464477539,2640300,FOXA
2021-06-16,37.650001525878906,37.86000061035156,37.25,37.66999816894531,37.42611312866211,1983300,FOXA
2021-06-17,37.66999816894531,37.9900016784668,36.90999984741211,37.150001525878906,36.909481048583984,3120900,FOXA
2021-06-18,37.380001068115234,37.994998931884766,37.0099983215332,37.630001068115234,37.386375427246094,5734600,FOXA
2021-06-21,37.7599983215332,38.029998779296875,37.40999984741211,37.4900016784668,37.24728012084961,2296700,FOXA
2021-06-22,37.529998779296875,37.779998779296875,36.81999969482422,37.650001525878906,37.406246185302734,2636800,FOXA
2021-06-23,37.630001068115234,37.970001220703125,37.45000076293945,37.599998474121094,37.3565673828125,2254600,FOXA
2021-06-24,37.72999954223633,38.38999938964844,37.61000061035156,38.29999923706055,38.05203628540039,2110200,FOXA
2021-06-25,38.380001068115234,38.86000061035156,38.04999923706055,38.36000061035156,38.11164855957031,3944000,FOXA
2021-06-28,38.65999984741211,38.810001373291016,38.060001373291016,38.310001373291016,38.061973571777344,2362900,FOXA
2021-06-29,37.540000915527344,37.849998474121094,36.81999969482422,36.83000183105469,36.591556549072266,3086300,FOXA
2021-06-30,37.0,37.16999816894531,36.540000915527344,37.130001068115234,36.889610290527344,2282800,FOXA
2021-07-01,37.130001068115234,37.880001068115234,36.939998626708984,37.54999923706055,37.30689239501953,2442500,FOXA
2021-07-02,37.560001373291016,37.625,37.06999969482422,37.31999969482422,37.0783805847168,2014200,FOXA
2021-07-06,37.29999923706055,37.29999923706055,35.75,36.72999954223633,36.4921989440918,2666100,FOXA
2021-07-07,36.58000183105469,37.02000045776367,36.040000915527344,36.400001525878906,36.164337158203125,2600000,FOXA
2021-07-08,36.29999923706055,36.36000061035156,35.31999969482422,35.70000076293945,35.468868255615234,2429700,FOXA
2021-07-09,35.75,36.54999923706055,35.689998626708984,36.45000076293945,36.21401596069336,1730400,FOXA
2021-07-12,36.31999969482422,36.83000183105469,35.790000915527344,36.79999923706055,36.56174850463867,1860300,FOXA
2021-07-13,36.959999084472656,36.959999084472656,35.904998779296875,35.95000076293945,35.71725082397461,2341100,FOXA
2021-07-14,36.130001068115234,36.540000915527344,35.97999954223633,36.36000061035156,36.124595642089844,1936700,FOXA
2021-07-15,36.2400016784668,36.4900016784668,35.76499938964844,35.84000015258789,35.60796356201172,1886100,FOXA
2021-07-16,35.75,36.005001068115234,35.220001220703125,35.279998779296875,35.05158615112305,2976800,FOXA
2021-07-19,34.97999954223633,35.18000030517578,34.5099983215332,34.720001220703125,34.495216369628906,3999300,FOXA
2021-07-20,34.900001525878906,35.10499954223633,34.459999084472656,34.970001220703125,34.743595123291016,2713600,FOXA
2021-07-21,35.04999923706055,36.369998931884766,35.040000915527344,36.189998626708984,35.95569610595703,4462900,FOXA
2021-07-22,36.20000076293945,36.290000915527344,35.369998931884766,36.0,35.76692581176758,2553000,FOXA
2021-07-23,36.130001068115234,36.244998931884766,35.724998474121094,36.189998626708984,35.95569610595703,1681800,FOXA
2021-07-26,36.11000061035156,36.84000015258789,36.11000061035156,36.560001373291016,36.32330322265625,2235600,FOXA
2021-07-27,36.279998779296875,36.529998779296875,35.9900016784668,36.20000076293945,35.965633392333984,1540100,FOXA
2021-07-28,36.27000045776367,36.65999984741211,35.54999923706055,36.31999969482422,36.08485412597656,1843800,FOXA
2021-07-29,36.369998931884766,36.93000030517578,36.185001373291016,36.29999923706055,36.06498336791992,2860500,FOXA
2021-07-30,36.0,36.38999938964844,35.540000915527344,35.65999984741211,35.42912673950195,2496100,FOXA
2021-08-02,35.77000045776367,35.95000076293945,35.5,35.63999938964844,35.40925598144531,2300800,FOXA
2021-08-03,35.75,35.78499984741211,34.15999984741211,35.029998779296875,34.80320739746094,2652500,FOXA
2021-08-04,34.79999923706055,35.29999923706055,34.57500076293945,34.90999984741211,34.683982849121094,2954600,FOXA
2021-08-05,36.0,37.38999938964844,35.52000045776367,37.209999084472656,36.969093322753906,4856900,FOXA
2021-08-06,37.290000915527344,37.540000915527344,36.36000061035156,36.47999954223633,36.24382019042969,3837700,FOXA
2021-08-09,36.31999969482422,36.59000015258789,36.040000915527344,36.5099983215332,36.273624420166016,2084700,FOXA
2021-08-10,36.52000045776367,37.01499938964844,36.13999938964844,36.97999954223633,36.74058151245117,2042200,FOXA
2021-08-11,37.26499938964844,37.5099983215332,36.7599983215332,37.470001220703125,37.22740936279297,1817700,FOXA
2021-08-12,37.619998931884766,37.619998931884766,36.709999084472656,37.029998779296875,36.79025650024414,1552700,FOXA
2021-08-13,37.43000030517578,37.43000030517578,36.970001220703125,37.0,36.76045227050781,1651900,FOXA
2021-08-16,36.81999969482422,37.34000015258789,36.5099983215332,37.189998626708984,36.949222564697266,1734400,FOXA
2021-08-17,36.84000015258789,37.189998626708984,36.540000915527344,36.97999954223633,36.74058151245117,1416000,FOXA
2021-08-18,37.02000045776367,37.63999938964844,36.52000045776367,36.560001373291016,36.32330322265625,2351400,FOXA
2021-08-19,36.369998931884766,36.650001525878906,35.95000076293945,36.18000030517578,35.945762634277344,1675800,FOXA
2021-08-20,36.11000061035156,36.90999984741211,35.939998626708984,36.7599983215332,36.522003173828125,1255400,FOXA
2021-08-23,36.84000015258789,37.185001373291016,36.75,37.13999938964844,36.89954376220703,1811500,FOXA
2021-08-24,37.279998779296875,37.44499969482422,36.915000915527344,37.06999969482422,36.82999801635742,1520100,FOXA
2021-08-25,37.25,37.470001220703125,36.689998626708984,37.040000915527344,36.800193786621094,2319000,FOXA
2021-08-26,37.040000915527344,37.18000030517578,36.599998474121094,36.68000030517578,36.44252395629883,3067500,FOXA
2021-08-27,36.650001525878906,37.3650016784668,36.599998474121094,37.20000076293945,36.95915985107422,1749800,FOXA
2021-08-30,37.20000076293945,37.25,36.75,37.06999969482422,36.82999801635742,1248800,FOXA
2021-08-31,36.849998474121094,37.595001220703125,36.709999084472656,37.439998626708984,37.439998626708984,2872200,FOXA
2021-09-01,37.529998779296875,37.59000015258789,36.90999984741211,37.0,37.0,2043900,FOXA
2021-09-02,37.15999984741211,37.439998626708984,36.93000030517578,37.16999816894531,37.16999816894531,2296200,FOXA
2021-09-03,37.06999969482422,37.130001068115234,36.540000915527344,36.88999938964844,36.88999938964844,1529600,FOXA
2021-09-07,36.83000183105469,37.18000030517578,36.65999984741211,36.75,36.75,1427700,FOXA
2021-09-08,36.720001220703125,37.099998474121094,35.915000915527344,35.959999084472656,35.959999084472656,2303500,FOXA
2021-09-09,36.32500076293945,36.435001373291016,35.720001220703125,36.36000061035156,36.36000061035156,2590300,FOXA
2021-09-10,36.43000030517578,36.5099983215332,35.775001525878906,35.939998626708984,35.939998626708984,2617200,FOXA
2021-09-13,36.2400016784668,36.53499984741211,35.91999816894531,36.34000015258789,36.34000015258789,3090700,FOXA
2021-09-14,36.68000030517578,36.779998779296875,35.18000030517578,35.29999923706055,35.29999923706055,2791000,FOXA
2021-09-15,35.34000015258789,36.7400016784668,35.119998931884766,36.560001373291016,36.560001373291016,3039100,FOXA
2021-09-16,36.4900016784668,37.4900016784668,36.369998931884766,37.33000183105469,37.33000183105469,2690900,FOXA
2021-09-17,37.220001220703125,38.099998474121094,37.220001220703125,37.709999084472656,37.709999084472656,5179200,FOXA
2021-09-20,37.290000915527344,37.400001525878906,36.59000015258789,37.130001068115234,37.130001068115234,2334100,FOXA
2021-09-21,37.369998931884766,37.8650016784668,36.91999816894531,37.130001068115234,37.130001068115234,2017500,FOXA
2021-09-22,37.400001525878906,38.630001068115234,37.380001068115234,38.209999084472656,38.209999084472656,3174900,FOXA
2021-09-23,38.0,38.97999954223633,38.0,38.41999816894531,38.41999816894531,1965100,FOXA
2021-09-24,38.5,39.810001373291016,38.27000045776367,39.2599983215332,39.2599983215332,3057900,FOXA
2021-09-27,39.150001525878906,40.380001068115234,39.0099983215332,40.119998931884766,40.119998931884766,3695600,FOXA
2021-09-28,40.0,40.43000030517578,39.689998626708984,39.83000183105469,39.83000183105469,3303200,FOXA
2021-09-29,39.849998474121094,40.31999969482422,39.56999969482422,40.25,40.25,2021000,FOXA
2021-09-30,40.93000030517578,41.11000061035156,40.11000061035156,40.11000061035156,40.11000061035156,4603300,FOXA
2021-10-01,40.279998779296875,41.08000183105469,40.099998474121094,40.779998779296875,40.779998779296875,2339200,FOXA
2021-10-04,40.779998779296875,41.68000030517578,40.599998474121094,41.47999954223633,41.47999954223633,4179900,FOXA
2021-10-05,41.65999984741211,42.22999954223633,41.459999084472656,41.900001525878906,41.900001525878906,2897700,FOXA
2021-10-06,41.459999084472656,41.779998779296875,41.04999923706055,41.54999923706055,41.54999923706055,3730000,FOXA
2021-10-07,41.849998474121094,42.525001525878906,41.66999816894531,42.150001525878906,42.150001525878906,2787800,FOXA
2021-10-08,42.310001373291016,43.32500076293945,42.189998626708984,42.25,42.25,2283000,FOXA
2021-10-11,42.36000061035156,42.630001068115234,41.47999954223633,42.099998474121094,42.099998474121094,1967700,FOXA
2021-10-12,40.63199996948242,42.4900016784668,40.39099884033203,42.0,42.0,2279900,FOXA
2021-10-13,42.099998474121094,42.599998474121094,42.029998779296875,42.349998474121094,42.349998474121094,2857500,FOXA
2021-10-14,42.58000183105469,42.81999969482422,42.22999954223633,42.45000076293945,42.45000076293945,2278900,FOXA
2021-10-15,42.689998626708984,42.72999954223633,41.540000915527344,41.61000061035156,41.61000061035156,4494600,FOXA
2021-10-18,41.630001068115234,42.06999969482422,41.38999938964844,41.93000030517578,41.93000030517578,2064300,FOXA
2021-10-19,42.15999984741211,43.029998779296875,41.97999954223633,43.029998779296875,43.029998779296875,2541900,FOXA
2021-10-20,43.02000045776367,43.58000183105469,42.720001220703125,43.209999084472656,43.209999084472656,1828800,FOXA
2021-10-21,43.040000915527344,43.470001220703125,42.43000030517578,42.61000061035156,42.61000061035156,2926100,FOXA
2021-10-22,42.52000045776367,42.689998626708984,42.15999984741211,42.52000045776367,42.52000045776367,1903100,FOXA
2021-10-25,42.599998474121094,42.68000030517578,41.720001220703125,41.83000183105469,41.83000183105469,2594900,FOXA
2021-10-26,42.02000045776367,42.08000183105469,41.44499969482422,41.59000015258789,41.59000015258789,2559200,FOXA
2021-10-27,41.689998626708984,41.75,40.18000030517578,40.20000076293945,40.20000076293945,3487900,FOXA
2021-10-28,40.290000915527344,40.79999923706055,40.18000030517578,40.7599983215332,40.7599983215332,2149300,FOXA
2021-10-29,40.70000076293945,40.75,39.400001525878906,39.7400016784668,39.7400016784668,2847500,FOXA
